elapsed_s,boundary_y,confidence,found,roi_brightness,fps
0.02,445,2.781,0,204.6,39.4
0.04,445,2.773,0,204.6,39.3
0.07,445,2.758,0,204.7,39.4
0.09,444,2.762,0,204.7,39.3
0.12,444,2.791,0,204.7,39.3
0.14,444,2.796,0,204.7,39.3
0.17,444,2.816,0,204.7,39.4
0.19,444,2.799,0,204.7,39.3
0.22,444,2.77,0,204.7,39.4
0.25,444,2.771,0,204.7,39.2
0.27,444,2.797,0,204.7,39.3
0.3,444,2.768,0,204.7,39.3
0.32,444,2.741,0,204.7,39.4
0.35,444,2.754,0,204.7,39.3
0.37,444,2.746,0,204.7,39.4
0.4,444,2.748,0,204.7,39.3
0.42,444,2.741,0,204.7,39.3
0.45,444,2.735,0,204.7,39.3
0.47,444,2.742,0,204.7,39.4
0.5,444,2.724,0,204.8,39.3
0.52,444,2.738,0,204.8,39.4
0.55,444,2.721,0,204.8,39.2
0.58,444,2.718,0,204.8,39.3
0.6,444,2.719,0,204.9,39.3
0.63,444,2.715,0,204.9,39.3
0.65,444,2.723,0,204.9,39.3
0.68,444,2.721,0,204.9,39.3
0.7,443,2.698,0,205.0,39.3
0.73,444,2.743,0,205.0,39.3
0.75,444,2.719,0,205.0,39.3
0.78,444,2.721,0,205.1,39.4
0.8,444,2.684,0,205.3,39.3
0.83,444,2.698,0,205.4,39.4
0.86,444,2.671,0,205.6,39.3
0.88,444,2.664,0,205.8,39.3
0.91,444,2.678,0,205.9,39.3
0.93,444,2.603,0,206.1,39.4
0.96,506,2.617,0,206.3,39.3
0.98,507,2.69,0,206.5,39.4
1.01,507,2.749,0,206.8,39.3
1.03,509,2.81,0,207.0,39.3
1.06,509,2.853,0,207.1,39.3
1.08,509,2.789,0,207.2,39.4
1.11,510,2.812,0,207.2,39.3
1.14,510,2.75,0,207.1,39.4
1.16,512,2.621,0,206.9,39.3
1.19,513,2.558,0,206.5,39.3
1.21,514,2.478,0,206.1,39.3
1.24,516,2.525,0,205.6,39.4
1.26,517,2.446,0,205.0,39.3
1.29,520,2.501,0,204.1,39.4
1.31,521,2.565,0,202.9,39.3
1.34,522,2.474,0,202.1,39.3
1.36,522,2.389,0,201.9,39.3
1.39,523,2.25,0,201.9,39.4
1.42,522,2.217,0,202.2,39.3
1.44,521,2.256,0,202.6,39.4
1.47,521,2.291,0,203.3,39.3
1.49,521,2.392,0,204.0,39.3
1.52,523,2.45,0,204.7,39.2
1.54,526,2.447,0,205.2,39.4
1.57,530,2.329,0,205.7,39.3
1.59,509,2.206,0,206.3,39.4
1.62,516,2.577,0,207.1,39.3
1.64,523,2.947,0,208.3,39.3
1.67,530,2.958,0,209.4,39.3
1.69,537,2.982,0,211.0,39.4
1.72,547,2.837,0,213.2,39.3
1.75,556,2.764,0,215.7,39.4
1.77,565,2.677,0,218.6,39.3
1.8,577,2.405,0,221.5,39.3
1.82,586,2.115,0,224.7,39.3
1.85,598,1.766,0,228.1,39.4
1.87,607,1.311,0,231.3,39.3
1.9,641,1.095,0,234.0,39.4
1.92,652,1.071,0,235.8,39.3
1.95,592,1.05,0,237.5,39.3
1.97,646,0.866,0,239.1,39.3
2.0,654,0.711,0,240.5,39.4
2.03,526,0.594,0,241.5,39.3
2.05,650,1.235,0,242.2,39.3
2.08,650,1.462,0,242.5,39.3
2.1,650,2.025,0,242.3,39.3
2.13,650,1.981,0,242.1,39.3
2.15,650,2.033,0,242.1,39.3
2.18,650,1.885,0,241.3,39.3
2.2,650,1.896,0,240.8,39.4
2.23,650,1.937,0,240.5,39.3
2.25,650,1.934,0,240.7,39.3
2.28,650,1.911,0,240.8,39.3
2.31,651,1.898,0,240.9,39.4
2.33,651,1.939,0,241.0,39.3
2.36,651,1.933,0,241.3,39.4
2.38,651,1.878,0,241.6,39.3
2.41,652,1.903,0,242.2,39.3
2.43,652,1.91,0,242.4,39.3
2.46,652,1.911,0,242.3,39.4
2.48,651,1.904,0,242.2,39.3
2.51,651,1.935,0,242.2,39.4
2.53,650,1.921,0,242.1,39.3
2.56,650,1.98,0,242.1,39.3
2.59,650,1.973,0,242.1,39.3
2.61,650,1.945,0,242.2,39.4
2.64,650,1.942,0,242.3,39.3
2.66,650,1.906,0,242.3,39.4
2.69,650,1.884,0,242.3,39.3
2.71,651,1.922,0,242.4,39.2
2.74,651,1.932,0,242.3,39.3
2.76,651,1.919,0,242.3,39.4
2.79,651,1.917,0,242.3,39.3
2.81,651,1.914,0,242.3,39.4
2.84,651,1.914,0,242.4,39.3
2.86,651,1.896,0,242.3,39.3
2.89,651,1.918,0,242.3,39.3
2.92,650,1.921,0,242.3,39.4
2.94,650,1.907,0,242.4,39.3
2.97,650,1.937,0,242.4,39.4
2.99,650,1.903,0,242.4,39.3
